client id,name,last name,email1,email2,handle,account number
33111,Karina,Weeks,KWeeks@gmail.com,KWeeks@hotmail.com,KWeeks,ES408636776
33112,Anders,Klein,AKlein@gmail.com,AKlein@hotmail.com,AKlein,ES137237055
33113,Elianna,Evans,EEvans@gmail.com,EEvans@hotmail.com,EEvans,ES719897276
33114,Elias,Cabrera,ECabrera@gmail.com,ECabrera@hotmail.com,ECabrera,ES909374860
33115,Daleyza,Richard,DRichard@gmail.com,DRichard@hotmail.com,DRichard,ES251352145
33116,Ahmed,Lugo,ALugo@gmail.com,ALugo@hotmail.com,ALugo,ES243787402
33117,Kaylie,Roy,KRoy@gmail.com,KRoy@hotmail.com,KRoy,ES912601764
33118,Shade Navigations Inc.,,info@ShadeNavigations.com,,,ES630043744
33119,Nancy,Ho,NHo@gmail.com,NHo@hotmail.com,NHo,ES534423879
33120,Morgan,Knapp,MKnapp@gmail.com,MKnapp@hotmail.com,MKnapp,ES237123422
33121,Linda,Macias,LMacias@gmail.com,LMacias@hotmail.com,LMacias,ES910812422
33122,Moshe,Pace,MPace@gmail.com,MPace@hotmail.com,MPace,ES579277922
33123,Giana,Cain,GCain@gmail.com,GCain@hotmail.com,GCain,ES291059301
33124,Benson,Rowland,BRowland@gmail.com,BRowland@hotmail.com,BRowland,ES170883371
33125,Harleigh,Conway,HConway@gmail.com,HConway@hotmail.com,HConway,ES360328889
33126,Orlando,Lewis,OLewis@gmail.com,OLewis@hotmail.com,OLewis,ES826846549
33127,Crystal Solutions Inc.,,info@cystalsolutions.com,,,ES538103044
33128,Aidan,Vincent,AVincent@gmail.com,AVincent@hotmail.com,AVincent,ES885103157
33129,Allyson,Fisher,AFisher@gmail.com,AFisher@hotmail.com,AFisher,ES885451739
33130,Gael,Phillips,GPhillips@gmail.com,GPhillips@hotmail.com,GPhillips,ES607882382
33131,Naomi,Sparks,NSparks@gmail.com,NSparks@hotmail.com,NSparks,ES727003466
33132,Drake,Heath,DHeath@gmail.com,DHeath@hotmail.com,DHeath,ES653027162
33133,Amani,Best,ABest@gmail.com,ABest@hotmail.com,ABest,ES261565521
33134,Harlem,Burnett,HBurnett@gmail.com,HBurnett@hotmail.com,HBurnett,ES564855559
33135,Emberly,Mendoza,EMendoza@gmail.com,EMendoza@hotmail.com,EMendoza,ES360266494
33136,Dominic,Lynch,DLynch@gmail.com,DLynch@hotmail.com,DLynch,ES562293991
33137,Witch Foods Corporation,,info@wf.com,,,ES468742630
33138,Holden,Taylor,HTaylor@gmail.com,HTaylor@hotmail.com,HTaylor,ES881174922
33139,Sofia,Gaines,SGaines@gmail.com,SGaines@hotmail.com,SGaines,ES761963634
33140,Talon,Flynn,TFlynn@gmail.com,TFlynn@hotmail.com,TFlynn,ES602714874
33141,Dorothy,Thornton,DThornton@gmail.com,DThornton@hotmail.com,DThornton,ES250480957
33142,Malik,Hunt,MHunt@gmail.com,MHunt@hotmail.com,MHunt,ES435096233
33143,Genevieve,Hayes,GHayes@gmail.com,GHayes@hotmail.com,GHayes,ES621834674
33144,Legend,Barry,LBarry@gmail.com,LBarry@hotmail.com,LBarry,ES487733368
33145,Waverly,Salinas,WSalinas@gmail.com,WSalinas@hotmail.com,WSalinas,ES853727748
33146,Edgar,Padilla,EPadilla@gmail.com,EPadilla@hotmail.com,EPadilla,ES371852477
33147,Maggie,Riley,MRiley@gmail.com,MRiley@hotmail.com,MRiley,ES469860081
33148,Amari,Fischer,AFischer@gmail.com,AFischer@hotmail.com,AFischer,ES663680319
33149,Maci,Ferguson,MFerguson@gmail.com,MFerguson@hotmail.com,MFerguson,ES188015562
33150,Typhoonavigations Inc.,,info@typhooninc.com,,,ES279793267
33151,Scarlett,Madden,SMadden@gmail.com,SMadden@hotmail.com,SMadden,ES669828096
33152,Everest,Haynes,EHaynes@gmail.com,EHaynes@hotmail.com,EHaynes,ES455905041
33153,Lexi,Wilkerson,LWilkerson@gmail.com,LWilkerson@hotmail.com,LWilkerson,ES591135231
33154,Carmelo,Hanna,CHanna@gmail.com,CHanna@hotmail.com,CHanna,ES252746866
33155,Cynthia,Snow,CSnow@gmail.com,CSnow@hotmail.com,CSnow,ES450640113
33156,Alphacom Corp,,info@alphacomcorp.com,,,ES691172707
33157,Margaret,Correa,MCorrea@gmail.com,MCorrea@hotmail.com,MCorrea,ES334470005
33158,Zakai,Lyons,ZLyons@gmail.com,ZLyons@hotmail.com,ZLyons,ES376461202
33159,Kenzie,Estes,KEstes@gmail.com,KEstes@hotmail.com,KEstes,ES250016044
33160,Hakeem,Avery,HAvery@gmail.com,HAvery@hotmail.com,HAvery,ES140453156
33161,Meghan,Duncan,MDuncan@gmail.com,MDuncan@hotmail.com,MDuncan,ES630716070
33162,Avery,Hobbs,AHobbs@gmail.com,AHobbs@hotmail.com,AHobbs,ES248370827
33163,Lacey,Fuentes,LFuentes@gmail.com,LFuentes@hotmail.com,LFuentes,ES831162653
33164,Bowen,Banks,BBanks@gmail.com,BBanks@hotmail.com,BBanks,ES352608819
33165,Cali,Byrd,CByrd@gmail.com,CByrd@hotmail.com,CByrd,ES150935591
33166,Owltechs Inc,,info@owltechs.com,,,ES163740161
33167,Haven,West,HWest@gmail.com,HWest@hotmail.com,HWest,ES206964776
33168,Diego,Cooper,DCooper@gmail.com,DCooper@hotmail.com,DCooper,ES623962225
33169,Serenity,Wheeler,SWheeler@gmail.com,SWheeler@hotmail.com,SWheeler,ES852108274
33170,Kenneth,Novak,KNovak@gmail.com,KNovak@hotmail.com,KNovak,ES617993046
33171,Kaiya,Price,KPrice@gmail.com,KPrice@hotmail.com,KPrice,ES378783649
33172,Brooks,Giles,BGiles@gmail.com,BGiles@hotmail.com,BGiles,ES314113719
33173,Bailee,Burch,BBurch@gmail.com,BBurch@hotmail.com,BBurch,ES848241174
33174,Gerald,Cook,GCook@gmail.com,GCook@hotmail.com,GCook,ES619558003
33175,Aaliyah,Bates,ABates@gmail.com,ABates@hotmail.com,ABates,ES281205099
33176,Ellis,Cabrera,ECabrera@gmail.com,ECabrera@hotmail.com,ECabrera,ES364179369
33177,Daleyza,Neal,DNeal@gmail.com,DNeal@hotmail.com,DNeal,ES643639501
33178,Kane,Soto,KSoto@gmail.com,KSoto@hotmail.com,KSoto,ES751270025
33179,Yellowaid Corporation,,info@yellowaidcorp.com,,,ES899320596
33180,George,Paul,GPaul@gmail.com,GPaul@hotmail.com,GPaul,ES696139019
33181,Daphne,Bernal,DBernal@gmail.com,DBernal@hotmail.com,DBernal,ES443548893
33182,Eithan,Matthews,EMatthews@gmail.com,EMatthews@hotmail.com,EMatthews,ES565523386
33183,Lila,Walters,LWalters@gmail.com,LWalters@hotmail.com,LWalters,ES574815113
33184,Colson,Fleming,CFleming@gmail.com,CFleming@hotmail.com,CFleming,ES870966242
33185,Fatima,Brennan,FBrennan@gmail.com,FBrennan@hotmail.com,FBrennan,ES558822715
33186,Curtis,Manning,CManning@gmail.com,CManning@hotmail.com,CManning,ES276342018
33187,Jennifer,Brennan,JBrennan@gmail.com,JBrennan@hotmail.com,JBrennan,ES661690161
33188,Curtis,York,CYork@gmail.com,CYork@hotmail.com,CYork,ES727687636
33189,Milan,Miranda,MMiranda@gmail.com,MMiranda@hotmail.com,MMiranda,ES701080982
33190,Rory,Dickerson,RDickerson@gmail.com,RDickerson@hotmail.com,RDickerson,ES247345608
33191,Opal,Myers,OMyers@gmail.com,OMyers@hotmail.com,OMyers,ES387642460
33192,Adam,Orozco,AOrozco@gmail.com,AOrozco@hotmail.com,AOrozco,ES129646903
33193,Renata,Palacios,RPalacios@gmail.com,RPalacios@hotmail.com,RPalacios,ES567786983
33194,Thaddeus,Ware,TWare@gmail.com,TWare@hotmail.com,TWare,ES628443312
33195,Eileen,Coffey,ECoffey@gmail.com,ECoffey@hotmail.com,ECoffey,ES223207759
33196,Kody,Ahmed,KAhmed@gmail.com,KAhmed@hotmail.com,KAhmed,ES353696929
33197,Jolie,Shelton,JShelton@gmail.com,JShelton@hotmail.com,JShelton,ES233370012
33198,Leonel,Parsons,LParsons@gmail.com,LParsons@hotmail.com,LParsons,ES150311032
33199,Maia,McLaughlin,MMcLaughlin@gmail.com,MMcLaughlin@hotmail.com,MMcLaughlin,ES326577244
33200,Ibrahim,Christian,IChristian@gmail.com,IChristian@hotmail.com,IChristian,ES709197041
33201,Anahi,Costa,ACosta@gmail.com,ACosta@hotmail.com,ACosta,ES221475938
33202,Kenji,Hahn,KHahn@gmail.com,KHahn@hotmail.com,KHahn,ES913143746
33203,Fallon,Love,FLove@gmail.com,FLove@hotmail.com,FLove,ES567717253
33204,Jeffrey,Wall,JWall@gmail.com,JWall@hotmail.com,JWall,ES443959335
33205,Jayda,Velasquez,JVelasquez@gmail.com,JVelasquez@hotmail.com,JVelasquez,ES837982796
33206,Sullivan,Gaines,SGaines@gmail.com,SGaines@hotmail.com,SGaines,ES388224780
33207,Aya,Pugh,APugh@gmail.com,APugh@hotmail.com,APugh,ES177268945
33208,Judson,Joseph,JJoseph@gmail.com,JJoseph@hotmail.com,JJoseph,ES816342319
33209,Gracelynn,Quinn,GQuinn@gmail.com,GQuinn@hotmail.com,GQuinn,ES873141612
33210,Rhys,Gomez,RGomez@gmail.com,RGomez@hotmail.com,RGomez,ES847280659